{
  "init_tasks": [
    {
      "id": 1,
      "title": "Mow lawn",
      "note": "Should be done by 28 feb"
    },
    {
      "id": 2,
      "title": "Wash car",
      "note": "Use MkUiars Wax!"
    },
    {
      "id": 3,
      "title": "Buy groceries",
      "note": "Apples, bananas and some tomatoes."
    },
    {
      "id": 4,
      "title": "Add validation",
      "note": "No data validation is implemented in this app : fix this !"
    },
    {
      "id": 5,
      "title": "Add tests",
      "note": "Add some unit tests !"
    }
  ]
}
